<?xml version="1.0" encoding="utf-8"?>
<ApplicationInstallerManifest>
   <DefaultInstallationDirectory>/Applications/Data_Analyzer/</DefaultInstallationDirectory>
   <ApplicationName>Data_Analyzer</ApplicationName>
   <ExecutableName>application/Data_Analyzer.exe</ExecutableName>
   <GUID>74b38dd6-8c9c-4a0e-bc93-a00d6ceeebd0</GUID>
   <ApplicationIcon>icon_48.png</ApplicationIcon>
   <Logo>default_logo.png</Logo>
   <Version>3.0</Version>
   <InstallationNotes>In the following directions, replace MR/v94 by the directory on the target machine where MATLAB is installed, or MR by the directory where the MATLAB Runtime is installed.

If the environment variable DYLD_LIBRARY_PATH is undefined, set it to the following string:

MR/v94/runtime/maci64:MR/v94/sys/os/maci64:MR/v94/bin/maci64

If it is defined, set it to the following:

${DYLD_LIBRARY_PATH}:MR/v94/runtime/maci64:MR/v94/sys/os/maci64:MR/v94/bin/maci64
</InstallationNotes>
   <Summary>Program for Dr. Kate Ross's lab</Summary>
   <WelcomePanelText>Data_Analyzer 3.0
Program for Dr. Kate Ross's lab

Fits lorentzian peaks and stuff ...

James Shaddix
jimmy.shaddix2.0@gmail.com</WelcomePanelText>
   <MCRProducts>
      <MCRProduct>
         <ExternalProductIdentifier>35000</ExternalProductIdentifier>
      </MCRProduct>
      <MCRProduct>
         <ExternalProductIdentifier>35010</ExternalProductIdentifier>
      </MCRProduct>
   </MCRProducts>
</ApplicationInstallerManifest>